{
  "matrix" : {
      "rows": 5,
      "cols": 20
  },
  "customKeycodes": [
    {
        "name": "Toggle GUI Lock",
        "title": "Toggle GUI Lock",
        "shortName": "GUI\nLock"
    },
    {
        "name": "Toggle MacOS Keymap",
        "title": "Toggle MacOS Keymap",
        "shortName": "Tog\nMac"
    },
    {
        "name": "Toggle WinOS Keymap",
        "title": "Toggle WinOS Keymap",
        "shortName": "Tog\nWin"
    },
    {
        "name": "Swap Ctrl GUI",
        "title": "Swap Ctrl GUI",
        "shortName": "Swap\nCG"
    },
    {
        "name": "Angle Bracket",
        "title": "Angle Bracket",
        "shortName": "<\n>"
    },
    {
        "name": "Mission Control",
        "title": "Mission Control in MacOS",
        "shortName": "Mission\nCtl"
    },
    {
        "name": "Launch Pad",
        "title": "Launch Pad in MacOS",
        "shortName": "Launch\nPad"
    },
    {
        "name": "Left Command",
        "title": "Left Command in MacOS",
        "shortName": "LCmd"
    },
    {
        "name": "Right Command",
        "title": "Right Command in MacOS",
        "shortName": "RCmd"
    },
    {
        "name": "Left Option",
        "title": "Left Option in MacOS",
        "shortName": "LOpt"
    },
    {
        "name": "Right Option",
        "title": "Right Option in MacOS",
        "shortName": "ROpt"
    }
  ],
  "layouts": {
    "presets": {
      "Default": [0, 0]
    },
    "labels": [          
    "Split Backspace",
    "ISO Enter",
    "Split Left Shift",
    "Split Rghit Shift",
    ["Num Pad",   "Rghit Num","Split Ppls_Penter_P0 ", "Left Num"],
    ["Bottom row",   "6.25U_Space", "7U_WK"]
  ],
  "keymap": 
  [
    [
      "1,19\n\n\n4,0",
      "0,19\n\n\n4,0",
      "0,18\n\n\n4,0",
      "0,17\n\n\n4,0",
      {
        "x": 0.25
      },
      "0,2",
      "0,3",
      "0,4",
      "0,5",
      "0,6",
      "0,7",
      "0,8",
      "0,9",
      "0,10",
      "0,11",
      "0,12",
      "0,13",
      "0,14",
      {
        "w": 2
      },
      "0,16\n\n\n0,0",
      {
        "x": 0.25
      },
      "0,0",
      "0,1",
      {
        "x": 0.75
      },
      "0,15\n\n\n0,1",
      "0,16\n\n\n0,1"
    ],
    [
      {
        "h": 2
      },
      "2,19\n\n\n4,0",
      "1,18\n\n\n4,0",
      "1,17\n\n\n4,0",
      "1,16\n\n\n4,0",
      {
        "x": 0.25,
        "w": 1.5
      },
      "1,2",
      "1,3",
      "1,4",
      "1,5",
      "1,6",
      "1,7",
      "1,8",
      "1,9",
      "1,10",
      "1,11",
      "1,12",
      "1,13",
      "1,14",
      {
        "w": 1.5
      },
      "1,15\n\n\n1,0",
      {
        "x": 0.25
      },
      "1,0",
      "1,1",
      {
        "x": 1.5,
        "w": 1.25,
        "h": 2,
        "w2": 1.5,
        "h2": 1,
        "x2": -0.25
      },
      "2,15\n\n\n1,1"
    ],
    [
      {
        "x": 1
      },
      "2,18\n\n\n4,0",
      "2,17\n\n\n4,0",
      "2,16\n\n\n4,0",
      {
        "x": 0.25,
        "w": 1.75
      },
      "2,2",
      "2,3",
      "2,4",
      "2,5",
      "2,6",
      "2,7",
      "2,8",
      "2,9",
      "2,10",
      "2,11",
      "2,12",
      "2,13",
      {
        "w": 2.25
      },
      "2,15\n\n\n1,0",
      {
        "x": 0.25
      },
      "2,0",
      "2,1",
      {
        "x": 0.5
      },
      "1,15\n\n\n1,1"
    ],
    [
      {
        "h": 2
      },
      "3,19\n\n\n4,0",
      "3,18\n\n\n4,0",
      "3,17\n\n\n4,0",
      "3,16\n\n\n4,0",
      {
        "x": 0.25,
        "w": 2.25
      },
      "3,2\n\n\n2,0",
      "3,4",
      "3,5",
      "3,6",
      "3,7",
      "3,8",
      "3,9",
      "3,10",
      "3,11",
      "3,12",
      "3,13",
      {
        "w": 2.75
      },
      "3,14\n\n\n3,0",
      {
        "x": 0.25
      },
      "3,0",
      "3,1",
      {
        "x": 0.5,
        "w": 1.25
      },
      "3,2\n\n\n2,1",
      "3,3\n\n\n2,1"
    ],
    [
      {
        "x": 1
      },
      "4,18\n\n\n4,0",
      {
        "w": 2
      },
      "4,17\n\n\n4,0",
      {
        "x": 0.25,
        "w": 1.25
      },
      "4,2\n\n\n5,0",
      {
        "w": 1.25
      },
      "4,3\n\n\n5,0",
      {
        "w": 1.25
      },
      "4,4\n\n\n5,0",
      {
        "w": 6.25
      },
      "4,5\n\n\n5,0",
      {
        "w": 1.25
      },
      "4,12\n\n\n5,0",
      {
        "w": 1.25
      },
      "4,13\n\n\n5,0",
      {
        "w": 1.25
      },
      "4,14\n\n\n5,0",
      {
        "w": 1.25
      },
      "4,15\n\n\n5,0",
      {
        "x": 0.25
      },
      "4,0",
      "4,1",
      {
        "x": 0.5,
        "w": 1.75
      },
      "3,14\n\n\n3,1",
      "3,15\n\n\n3,1"
    ],
    [
      {
        "y": 0.25,
        "x": 4.25,
        "w": 1.5
      },
      "4,2\n\n\n5,1",
      "4,3\n\n\n5,1",
      {
        "w": 1.5
      },
      "4,4\n\n\n5,1",
      {
        "w": 7
      },
      "4,5\n\n\n5,1",
      {
        "w": 1.5
      },
      "4,13\n\n\n5,1",
      "4,14\n\n\n5,1",
      {
        "w": 1.5
      },
      "4,15\n\n\n5,1"
    ],
    [
      {
        "y": 0.25
      },
      "1,19\n\n\n4,1",
      "0,19\n\n\n4,1",
      "0,18\n\n\n4,1",
      "0,17\n\n\n4,1",
      {
        "x": 0.25
      },
      "1,19\n\n\n4,2",
      "0,19\n\n\n4,2",
      "0,18\n\n\n4,2",
      "0,17\n\n\n4,2"
    ],
    [
      "2,19\n\n\n4,1",
      "1,18\n\n\n4,1",
      "1,17\n\n\n4,1",
      "1,16\n\n\n4,1",
      {
        "x": 0.25
      },
      "2,19\n\n\n4,2",
      "1,18\n\n\n4,2",
      "1,17\n\n\n4,2",
      {
        "h": 2
      },
      "1,16\n\n\n4,2"
    ],
    [
      "2,14\n\n\n4,1",
      "2,18\n\n\n4,1",
      "2,17\n\n\n4,1",
      "2,16\n\n\n4,1",
      {
        "x": 0.25
      },
      "2,14\n\n\n4,2",
      "2,18\n\n\n4,2",
      "2,17\n\n\n4,2"
    ],
    [
      "3,19\n\n\n4,1",
      "3,18\n\n\n4,1",
      "3,17\n\n\n4,1",
      "3,16\n\n\n4,1",
      {
        "x": 0.25
      },
      "3,19\n\n\n4,2",
      "3,18\n\n\n4,2",
      "3,17\n\n\n4,2",
      {
        "h": 2
      },
      "3,16\n\n\n4,2"
    ],
    [
      "4,19\n\n\n4,1",
      "4,18\n\n\n4,1",
      "4,17\n\n\n4,1",
      "4,11\n\n\n4,1",
      {
        "x": 0.25,
        "w": 2
      },
      "4,18\n\n\n4,2",
      "4,17\n\n\n4,2"
    ]
  ]
}
}