{
  "matrix" : {
      "rows": 5,
      "cols": 20
  },
  "customKeycodes": [
    {
        "name": "Toggle GUI Lock",
        "title": "Toggle GUI Lock",
        "shortName": "GUI\nLock"
    },
    {
        "name": "Toggle MacOS Keymap",
        "title": "Toggle MacOS Keymap",
        "shortName": "Tog\nMac"
    },
    {
        "name": "Toggle WinOS Keymap",
        "title": "Toggle WinOS Keymap",
        "shortName": "Tog\nWin"
    },
    {
        "name": "Swap Ctrl GUI",
        "title": "Swap Ctrl GUI",
        "shortName": "Swap\nCG"
    },
    {
        "name": "Angle Bracket",
        "title": "Angle Bracket",
        "shortName": "<\n>"
    },
    {
        "name": "Mission Control",
        "title": "Mission Control in MacOS",
        "shortName": "Mission\nCtl"
    },
    {
        "name": "Launch Pad",
        "title": "Launch Pad in MacOS",
        "shortName": "Launch\nPad"
    },
    {
        "name": "Left Command",
        "title": "Left Command in MacOS",
        "shortName": "LCmd"
    },
    {
        "name": "Right Command",
        "title": "Right Command in MacOS",
        "shortName": "RCmd"
    },
    {
        "name": "Left Option",
        "title": "Left Option in MacOS",
        "shortName": "LOpt"
    },
    {
        "name": "Right Option",
        "title": "Right Option in MacOS",
        "shortName": "ROpt"
    }
  ],
  "layouts": {
    "presets": {
      "Default": [0, 0]
    },
    "labels": [          
    "Split Backspace",
    "ISO Enter",
    "Split Left Shift",
    "Split Rghit Shift",
    "Split Ppls",
    "Split Penter",
    ["Bottom row",   "2U_Pad0", "Split_Pad0", "Arrow_1U_Pad0" ],
    ["Bottom row",   "6.25U_Space", "7U_WK", "6.25U_Space+Arrow", "7U_Space+Arrow" ]
  ],
  "keymap": 
  [
    [
      "0,0",
      "0,1",
      {
        "x": 0.5
      },
      "0,2",
      "0,3",
      "0,4",
      "0,5",
      "0,6",
      "0,7",
      "0,8",
      "0,9",
      "0,10",
      "0,11",
      "0,12",
      "0,13",
      "0,14",
      {
        "w": 2
      },
      "0,16\n\n\n0,0",
      {
        "x": 0.5
      },
      "0,17",
      "0,18",
      "0,19",
      "1,19",
      {
        "x": 1.75
      },
      "0,15\n\n\n0,1",
      "0,16\n\n\n0,1"
    ],
    [
      "1,0",
      "1,1",
      {
        "x": 0.5,
        "w": 1.5
      },
      "1,2",
      "1,3",
      "1,4",
      "1,5",
      "1,6",
      "1,7",
      "1,8",
      "1,9",
      "1,10",
      "1,11",
      "1,12",
      "1,13",
      "1,14",
      {
        "w": 1.5
      },
      "1,15\n\n\n1,0",
      {
        "x": 0.5
      },
      "1,16",
      "1,17",
      "1,18",
      {
        "h": 2
      },
      "2,19\n\n\n4,0",
      {
        "x": 0.25
      },
      "2,19\n\n\n4,1",
      {
        "x": 1.25,
        "w": 1.25,
        "h": 2,
        "w2": 1.5,
        "h2": 1,
        "x2": -0.25
      },
      "2,15\n\n\n1,1"
    ],
    [
      "2,0",
      "2,1",
      {
        "x": 0.5,
        "w": 1.75
      },
      "2,2",
      "2,3",
      "2,4",
      "2,5",
      "2,6",
      "2,7",
      "2,8",
      "2,9",
      "2,10",
      "2,11",
      "2,12",
      "2,13",
      {
        "w": 2.25
      },
      "2,15\n\n\n1,0",
      {
        "x": 0.5
      },
      "2,16",
      "2,17",
      "2,18",
      {
        "x": 1.25
      },
      "2,14\n\n\n4,1",
      {
        "x": 0.25
      },
      "1,15\n\n\n1,1"
    ],
    [
      "3,0",
      "3,1",
      {
        "x": 0.5,
        "w": 2.25
      },
      "3,2\n\n\n2,0",
      "3,4",
      "3,5",
      "3,6",
      "3,7",
      "3,8",
      "3,9",
      "3,10",
      "3,11",
      "3,12",
      "3,13",
      {
        "w": 2.75
      },
      "3,14\n\n\n3,0",
      {
        "x": 0.5
      },
      "3,16",
      "3,17",
      "3,18",
      {
        "h": 2
      },
      "3,19\n\n\n5,0",
      {
        "x": 0.25
      },
      "3,19\n\n\n5,1"
    ],
    [
      "4,0",
      "4,1",
      {
        "x": 0.5,
        "w": 1.25
      },
      "4,2\n\n\n7,0",
      {
        "w": 1.25
      },
      "4,3\n\n\n7,0",
      {
        "w": 1.25
      },
      "4,4\n\n\n7,0",
      {
        "w": 6.25
      },
      "4,5\n\n\n7,0",
      {
        "w": 1.25
      },
      "4,12\n\n\n7,0",
      {
        "w": 1.25
      },
      "4,13\n\n\n7,0",
      {
        "w": 1.25
      },
      "4,14\n\n\n7,0",
      {
        "w": 1.25
      },
      "4,15\n\n\n7,0",
      {
        "x": 0.5,
        "w": 2
      },
      "4,17\n\n\n6,0",
      "4,18",
      {
        "x": 1.25
      },
      "4,19\n\n\n5,1"
    ],
    [
      {
        "y": 0.25,
        "w": 1.25
      },
      "3,2\n\n\n2,1",
      "3,3\n\n\n2,1",
      {
        "x": 0.25,
        "w": 1.5
      },
      "4,2\n\n\n7,1",
      "4,3\n\n\n7,1",
      {
        "w": 1.5
      },
      "4,4\n\n\n7,1",
      {
        "w": 7
      },
      "4,5\n\n\n7,1",
      {
        "w": 1.5
      },
      "4,13\n\n\n7,1",
      "4,14\n\n\n7,1",
      {
        "w": 1.5
      },
      "4,15\n\n\n7,1",
      {
        "x": 0.5
      },
      "4,11\n\n\n6,1",
      "4,17\n\n\n6,1"
    ],
    [
      {
        "x": 14.75,
        "w": 1.75
      },
      "3,14\n\n\n3,1",
      "3,15\n\n\n3,1",
      {
        "x": 0.5,
        "d": true
      },
      "4,11\n\n\n6,2",
      "4,17\n\n\n6,2"
    ],
    [
      {
        "x": 2.5,
        "w": 1.25
      },
      "4,2\n\n\n7,2",
      {
        "w": 1.25
      },
      "4,3\n\n\n7,2",
      {
        "w": 1.25
      },
      "4,4\n\n\n7,2",
      {
        "w": 6.25
      },
      "4,5\n\n\n7,2",
      {
        "w": 1.25
      },
      "4,12\n\n\n7,2",
      {
        "w": 1.25
      },
      "4,13\n\n\n7,2",
      {
        "x": 0.5
      },
      "4,10\n\n\n7,2",
      "4,15\n\n\n7,2",
      "4,16\n\n\n7,2"
    ],
    [
      {
        "x": 2.5,
        "w": 1.5
      },
      "4,2\n\n\n7,3",
      "4,3\n\n\n7,3",
      {
        "w": 1.5
      },
      "4,4\n\n\n7,3",
      {
        "w": 7
      },
      "4,5\n\n\n7,3",
      {
        "w": 1.5
      },
      "4,12\n\n\n7,3",
      {
        "x": 0.5
      },
      "4,10\n\n\n7,3",
      "4,15\n\n\n7,3",
      "4,16\n\n\n7,3"
    ]
  ]
}
}