{
  "matrix": {
    "rows": 5,
    "cols": 16
  },
  "customKeycodes": [
    {
        "name": "Toggle GUI Lock",
        "title": "Toggle GUI Lock",
        "shortName": "GUI\nLock"
    },
    {
        "name": "Toggle MacOS Keymap",
        "title": "Toggle MacOS Keymap",
        "shortName": "Tog\nMac"
    },
    {
        "name": "Toggle WinOS Keymap",
        "title": "Toggle WinOS Keymap",
        "shortName": "Tog\nWin"
    },
    {
        "name": "Swap Ctrl GUI",
        "title": "Swap Ctrl GUI",
        "shortName": "Swap\nCG"
    },
    {
        "name": "Angle Bracket",
        "title": "Angle Bracket",
        "shortName": "<\n>"
    },
    {
        "name": "Mission Control",
        "title": "Mission Control in MacOS",
        "shortName": "Mission\nCtl"
    },
    {
        "name": "Launch Pad",
        "title": "Launch Pad in MacOS",
        "shortName": "Launch\nPad"
    },
    {
        "name": "Left Command",
        "title": "Left Command in MacOS",
        "shortName": "LCmd"
    },
    {
        "name": "Right Command",
        "title": "Right Command in MacOS",
        "shortName": "RCmd"
    },
    {
        "name": "Left Option",
        "title": "Left Option in MacOS",
        "shortName": "LOpt"
    },
    {
        "name": "Right Option",
        "title": "Right Option in MacOS",
        "shortName": "ROpt"
    }
],
  "layouts": {
      "presets": {
        "Default": [0, 0]
      },
      "labels": [          
      "Split Backspace",
      "ISO Enter",
      "Split Left Shift",
      ["Bottom row",   "6.25U_Space", "7U_WK"]
    ],
    "keymap": 
    [
      [
        "0,15",
        {
          "x": 0.5
        },
        "0,0",
        "0,1",
        "0,2",
        "0,3",
        "0,4",
        "0,5",
        "0,6",
        "0,7",
        "0,8",
        "0,9",
        "0,10",
        "0,11",
        "0,12",
        {
          "w": 2
        },
        "0,14\n\n\n0,0",
        {
          "x": 0.5
        },
        "1,15",
        {
          "x": 0.25
        },
        "0,13\n\n\n0,1",
        "0,14\n\n\n0,1"
      ],
      [
        "1,14",
        {
          "x": 0.5,
          "w": 1.5
        },
        "1,0",
        "1,1",
        "1,2",
        "1,3",
        "1,4",
        "1,5",
        "1,6",
        "1,7",
        "1,8",
        "1,9",
        "1,10",
        "1,11",
        "1,12",
        {
          "w": 1.5
        },
        "1,13\n\n\n1,0",
        {
          "x": 0.5
        },
        "2,15",
        {
          "x": 1.25,
          "w": 1.25,
          "h": 2,
          "w2": 1.5,
          "h2": 1,
          "x2": -0.25
        },
        "2,13\n\n\n1,1"
      ],
      [
        "2,14",
        {
          "x": 0.5,
          "w": 1.75
        },
        "2,0",
        "2,1",
        "2,2",
        "2,3",
        "2,4",
        "2,5",
        "2,6",
        "2,7",
        "2,8",
        "2,9",
        "2,10",
        "2,11",
        {
          "w": 2.25
        },
        "2,13\n\n\n1,0",
        {
          "x": 0.5
        },
        "3,15",
        {
          "x": 0.25
        },
        "1,13\n\n\n1,1"
      ],
      [
        "3,13",
        {
          "x": 0.5,
          "w": 2.25
        },
        "3,0\n\n\n2,0",
        "3,2",
        "3,3",
        "3,4",
        "3,5",
        "3,6",
        "3,7",
        "3,8",
        "3,9",
        "3,10",
        "3,11",
        {
          "w": 1.75
        },
        "3,12",
        "3,14",
        {
          "x": 1.75,
          "w2": 1.25
        },
        "3,0\n\n\n2,1",
        {
          "x": 0.25
        },
        "3,1\n\n\n2,1"
      ],
      [
        "4,4",
        {
          "x": 0.5,
          "w": 1.25
        },
        "4,0\n\n\n3,0",
        {
          "w": 1.25
        },
        "4,1\n\n\n3,0",
        {
          "w": 1.25
        },
        "4,2\n\n\n3,0",
        {
          "w": 6.25
        },
        "4,3\n\n\n3,0",
        {
          "w": 1.25
        },
        "4,11\n\n\n3,0",
        {
          "w": 1.25
        },
        "4,12\n\n\n3,0",
        {
          "x": 0.5
        },
        "4,13",
        "4,14",
        "4,15"
      ],
      [
        {
          "x": 1.5,
          "w": 1.5
        },
        "4,0\n\n\n3,1",
        "4,1\n\n\n3,1",
        {
          "w": 1.5
        },
        "4,2\n\n\n3,1",
        {
          "w": 7
        },
        "4,3\n\n\n3,1",
        {
          "w": 1.5
        },
        "4,12\n\n\n3,1"
      ]
    ]
  }
}