{
    "manufacturer": " ",
    "keyboard_name": "MM Studio-0413",
    "maintainer": "wz", 
    "development_board": "bluepill",
    "bootloader": "uf2boot",

    "usb": {
        "vid": "0x2024",
        "pid": "0x0904",
        "device_version": "0.0.1",
        "force_nkro": true,
        "polling_interval": 1
    },

    "build": {
        "debounce_type": "sym_eager_pk"
    },
    "debounce": 15,
    "features": {
        "bootmagic": true,
        "extrakey": true,
        "mousekey": true,
        "nkro": true
    },

    "matrix_pins": {
        "cols": ["A3", "A2", "A1", "A0", "A4", "A5", "A7", "B0", "B1","B12", "B13", "B14","C15",  "B4", "B5","B6", "B7", "A8", "A9", "A10"],
        "rows": ["B15", "B9", "B11", "B10", "B8"]
        },
    "diode_direction": "COL2ROW",

    "indicators": {
        "caps_lock": "C14",
        "num_lock":  "C13",
        "on_state": 0
    },

    "layouts": {
        "LAYOUT": {
                "layout": 
                 [{"matrix":[1,19], "x":0, "y":0}, {"matrix":[0,19], "x":1, "y":0}, {"matrix":[0,18], "x":2, "y":0}, {"matrix":[0,17], "x":3, "y":0}, {"matrix":[0,2], "x":4.25, "y":0}, {"matrix":[0,3], "x":5.25, "y":0}, {"matrix":[0,4], "x":6.25, "y":0}, {"matrix":[0,5], "x":7.25, "y":0}, {"matrix":[0,6], "x":8.25, "y":0}, {"matrix":[0,7], "x":9.25, "y":0}, {"matrix":[0,8], "x":10.25, "y":0}, {"matrix":[0,9], "x":11.25, "y":0}, {"matrix":[0,10], "x":12.25, "y":0}, {"matrix":[0,11], "x":13.25, "y":0}, {"matrix":[0,12], "x":14.25, "y":0}, {"matrix":[0,13], "x":15.25, "y":0}, {"matrix":[0,14], "x":16.25, "y":0}, {"matrix":[0,15], "x":17.25, "y":0}, {"matrix":[0,16], "x":18.25, "y":0}, {"matrix":[0,0], "x":19.5, "y":0}, {"matrix":[0,1], "x":20.5, "y":0}, {"matrix":[2,19], "x":0, "y":1}, {"matrix":[1,18], "x":1, "y":1}, {"matrix":[1,17], "x":2, "y":1}, {"matrix":[1,16], "x":3, "y":1}, {"matrix":[1,2], "x":4.25, "y":1, "w":1.5}, {"matrix":[1,3], "x":5.75, "y":1}, {"matrix":[1,4], "x":6.75, "y":1}, {"matrix":[1,5], "x":7.75, "y":1}, {"matrix":[1,6], "x":8.75, "y":1}, {"matrix":[1,7], "x":9.75, "y":1}, {"matrix":[1,8], "x":10.75, "y":1}, {"matrix":[1,9], "x":11.75, "y":1}, {"matrix":[1,10], "x":12.75, "y":1}, {"matrix":[1,11], "x":13.75, "y":1}, {"matrix":[1,12], "x":14.75, "y":1}, {"matrix":[1,13], "x":15.75, "y":1}, {"matrix":[1,14], "x":16.75, "y":1}, {"matrix":[1,15], "x":17.75, "y":1, "w":1.5}, {"matrix":[1,0], "x":19.5, "y":1}, {"matrix":[1,1], "x":20.5, "y":1}, {"matrix":[2,14], "x":0, "y":2}, {"matrix":[2,18], "x":1, "y":2}, {"matrix":[2,17], "x":2, "y":2}, {"matrix":[2,16], "x":3, "y":2}, {"matrix":[2,2], "x":4.25, "y":2, "w":1.75}, {"matrix":[2,3], "x":6, "y":2}, {"matrix":[2,4], "x":7, "y":2}, {"matrix":[2,5], "x":8, "y":2}, {"matrix":[2,6], "x":9, "y":2}, {"matrix":[2,7], "x":10, "y":2}, {"matrix":[2,8], "x":11, "y":2}, {"matrix":[2,9], "x":12, "y":2}, {"matrix":[2,10], "x":13, "y":2}, {"matrix":[2,11], "x":14, "y":2}, {"matrix":[2,12], "x":15, "y":2}, {"matrix":[2,13], "x":16, "y":2}, {"matrix":[2,15], "x":17, "y":2, "w":2.25}, {"matrix":[2,0], "x":19.5, "y":2}, {"matrix":[2,1], "x":20.5, "y":2}, {"matrix":[3,19], "x":0, "y":3}, {"matrix":[3,18], "x":1, "y":3}, {"matrix":[3,17], "x":2, "y":3}, {"matrix":[3,16], "x":3, "y":3}, {"matrix":[3,2], "x":4.25, "y":3, "w":1.25}, {"matrix":[3,3], "x":5.5, "y":3}, {"matrix":[3,4], "x":6.5, "y":3}, {"matrix":[3,5], "x":7.5, "y":3}, {"matrix":[3,6], "x":8.5, "y":3}, {"matrix":[3,7], "x":9.5, "y":3}, {"matrix":[3,8], "x":10.5, "y":3}, {"matrix":[3,9], "x":11.5, "y":3}, {"matrix":[3,10], "x":12.5, "y":3}, {"matrix":[3,11], "x":13.5, "y":3}, {"matrix":[3,12], "x":14.5, "y":3}, {"matrix":[3,13], "x":15.5, "y":3}, {"matrix":[3,14], "x":16.5, "y":3, "w":1.75}, {"matrix":[3,15], "x":18.25, "y":3}, {"matrix":[3,0], "x":19.5, "y":3}, {"matrix":[3,1], "x":20.5, "y":3}, {"matrix":[4,19], "x":0, "y":4}, {"matrix":[4,18], "x":1, "y":4}, {"matrix":[4,17], "x":2, "y":4}, {"matrix":[4,11], "x":3, "y":4}, {"matrix":[4,2], "x":4.25, "y":4, "w":1.25}, {"matrix":[4,3], "x":5.5, "y":4, "w":1.25}, {"matrix":[4,4], "x":6.75, "y":4, "w":1.25}, {"matrix":[4,5], "x":8, "y":4, "w":6.25}, {"matrix":[4,12], "x":14.25, "y":4, "w":1.25}, {"matrix":[4,13], "x":15.5, "y":4, "w":1.25}, {"matrix":[4,14], "x":16.75, "y":4, "w":1.25}, {"matrix":[4,15], "x":18, "y":4, "w":1.25}, {"matrix":[4,0], "x":19.5, "y":4}, {"matrix":[4,1], "x":20.5, "y":4}]
        }
    }
}