{
    "keyboard_name": "CLASS 65 R3",
    "manufacturer": "MM",
    "url": "",
    "maintainer": "ww",
    "development_board": "bluepill",
    "usb": {
        "vid": "0x2024",
        "pid": "0x0709",
        "device_version": "0.0.1",
        "force_nkro": true,
        "polling_interval": 1
    },

    "matrix_pins": {
        "cols": ["A3", "A2", "A1", "A0", "A4", "A5", "A7","B0", "B1","B12", "B13","B14","A15", "B3", "B4","B5"],
        "rows": ["B15","B9", "B11", "B10", "B8"]
     },    
    "diode_direction": "COL2ROW",

    "indicators": {
        "caps_lock": "C14",
        "on_state": 0
    },

    "features": {
        "extrakey": true,
        "bootmagic": true,
        "mousekey": true,
        "nkro": true
    },

    "build": {
        "debounce_type": "sym_eager_pk"
    },

    "layouts": {
                "LAYOUT": {
                      "layout":[{"matrix":[0,15], "x":0, "y":0}, {"matrix":[0,0], "x":1.5, "y":0}, {"matrix":[0,1], "x":2.5, "y":0}, {"matrix":[0,2], "x":3.5, "y":0}, {"matrix":[0,3], "x":4.5, "y":0}, {"matrix":[0,4], "x":5.5, "y":0}, {"matrix":[0,5], "x":6.5, "y":0}, {"matrix":[0,6], "x":7.5, "y":0}, {"matrix":[0,7], "x":8.5, "y":0}, {"matrix":[0,8], "x":9.5, "y":0}, {"matrix":[0,9], "x":10.5, "y":0}, {"matrix":[0,10], "x":11.5, "y":0}, {"matrix":[0,11], "x":12.5, "y":0}, {"matrix":[0,12], "x":13.5, "y":0}, {"matrix":[0,13], "x":14.5, "y":0}, {"matrix":[0,14], "x":15.5, "y":0}, {"matrix":[1,15], "x":17, "y":0}, {"matrix":[1,14], "x":0, "y":1}, {"matrix":[1,0], "x":1.5, "y":1, "w":1.5}, {"matrix":[1,1], "x":3, "y":1}, {"matrix":[1,2], "x":4, "y":1}, {"matrix":[1,3], "x":5, "y":1}, {"matrix":[1,4], "x":6, "y":1}, {"matrix":[1,5], "x":7, "y":1}, {"matrix":[1,6], "x":8, "y":1}, {"matrix":[1,7], "x":9, "y":1}, {"matrix":[1,8], "x":10, "y":1}, {"matrix":[1,9], "x":11, "y":1}, {"matrix":[1,10], "x":12, "y":1}, {"matrix":[1,11], "x":13, "y":1}, {"matrix":[1,12], "x":14, "y":1}, {"matrix":[1,13], "x":15, "y":1, "w":1.5}, {"matrix":[2,15], "x":17, "y":1}, {"matrix":[2,14], "x":0, "y":2}, {"matrix":[2,0], "x":1.5, "y":2, "w":1.75}, {"matrix":[2,1], "x":3.25, "y":2}, {"matrix":[2,2], "x":4.25, "y":2}, {"matrix":[2,3], "x":5.25, "y":2}, {"matrix":[2,4], "x":6.25, "y":2}, {"matrix":[2,5], "x":7.25, "y":2}, {"matrix":[2,6], "x":8.25, "y":2}, {"matrix":[2,7], "x":9.25, "y":2}, {"matrix":[2,8], "x":10.25, "y":2}, {"matrix":[2,9], "x":11.25, "y":2}, {"matrix":[2,10], "x":12.25, "y":2}, {"matrix":[2,11], "x":13.25, "y":2}, {"matrix":[2,13], "x":14.25, "y":2, "w":2.25}, {"matrix":[3,15], "x":17, "y":2}, {"matrix":[3,13], "x":0, "y":3}, {"matrix":[3,0], "x":1.5, "y":3}, {"matrix":[3,1], "x":2.75, "y":3}, {"matrix":[3,2], "x":3.75, "y":3}, {"matrix":[3,3], "x":4.75, "y":3}, {"matrix":[3,4], "x":5.75, "y":3}, {"matrix":[3,5], "x":6.75, "y":3}, {"matrix":[3,6], "x":7.75, "y":3}, {"matrix":[3,7], "x":8.75, "y":3}, {"matrix":[3,8], "x":9.75, "y":3}, {"matrix":[3,9], "x":10.75, "y":3}, {"matrix":[3,10], "x":11.75, "y":3}, {"matrix":[3,11], "x":12.75, "y":3}, {"matrix":[3,12], "x":13.75, "y":3, "w":1.75}, {"matrix":[3,14], "x":15.5, "y":3}, {"matrix":[4,4], "x":0, "y":4}, {"matrix":[4,0], "x":1.5, "y":4, "w":1.25}, {"matrix":[4,1], "x":2.75, "y":4, "w":1.25}, {"matrix":[4,2], "x":4, "y":4, "w":1.25}, {"matrix":[4,3], "x":5.25, "y":4, "w":6.25}, {"matrix":[4,11], "x":11.5, "y":4, "w":1.25}, {"matrix":[4,12], "x":12.75, "y":4, "w":1.25}, {"matrix":[4,13], "x":14.5, "y":4}, {"matrix":[4,14], "x":15.5, "y":4}, {"matrix":[4,15], "x":16.5, "y":4}]
                }
                    }
}